{
    "accuracy": 0.9499107396962563,
    "f1": 0.9607811360505631,
    "precision": 0.9615213072213438,
    "recall": 0.9600421035585603,
    "auc": 0.9921310805549789,
    "version": "v8 (Stacked) - v8_20251217",
    "best_threshold": 0.39000000000000007
}